date,date_id,year,quarter,month,day,day_name
2024-01-01,20240101,2024,1,1,1,Monday
2024-01-02,20240102,2024,1,1,2,Tuesday
2024-01-03,20240103,2024,1,1,3,Wednesday
2024-01-04,20240104,2024,1,1,4,Thursday
2024-01-05,20240105,2024,1,1,5,Friday
2024-01-06,20240106,2024,1,1,6,Saturday
2024-01-07,20240107,2024,1,1,7,Sunday
2024-01-08,20240108,2024,1,1,8,Monday
2024-01-09,20240109,2024,1,1,9,Tuesday
2024-01-10,20240110,2024,1,1,10,Wednesday
2024-01-11,20240111,2024,1,1,11,Thursday
2024-01-12,20240112,2024,1,1,12,Friday
2024-01-13,20240113,2024,1,1,13,Saturday
2024-01-14,20240114,2024,1,1,14,Sunday
2024-01-15,20240115,2024,1,1,15,Monday
2024-01-16,20240116,2024,1,1,16,Tuesday
2024-01-17,20240117,2024,1,1,17,Wednesday
2024-01-18,20240118,2024,1,1,18,Thursday
2024-01-19,20240119,2024,1,1,19,Friday
2024-01-20,20240120,2024,1,1,20,Saturday
2024-01-21,20240121,2024,1,1,21,Sunday
2024-01-22,20240122,2024,1,1,22,Monday
2024-01-23,20240123,2024,1,1,23,Tuesday
2024-01-24,20240124,2024,1,1,24,Wednesday
2024-01-25,20240125,2024,1,1,25,Thursday
2024-01-26,20240126,2024,1,1,26,Friday
2024-01-27,20240127,2024,1,1,27,Saturday
2024-01-28,20240128,2024,1,1,28,Sunday
2024-01-29,20240129,2024,1,1,29,Monday
2024-01-30,20240130,2024,1,1,30,Tuesday
2024-01-31,20240131,2024,1,1,31,Wednesday
2024-02-01,20240201,2024,1,2,1,Thursday
2024-02-02,20240202,2024,1,2,2,Friday
2024-02-03,20240203,2024,1,2,3,Saturday
2024-02-04,20240204,2024,1,2,4,Sunday
2024-02-05,20240205,2024,1,2,5,Monday
2024-02-06,20240206,2024,1,2,6,Tuesday
2024-02-07,20240207,2024,1,2,7,Wednesday
2024-02-08,20240208,2024,1,2,8,Thursday
2024-02-09,20240209,2024,1,2,9,Friday
2024-02-10,20240210,2024,1,2,10,Saturday
2024-02-11,20240211,2024,1,2,11,Sunday
2024-02-12,20240212,2024,1,2,12,Monday
2024-02-13,20240213,2024,1,2,13,Tuesday
2024-02-14,20240214,2024,1,2,14,Wednesday
2024-02-15,20240215,2024,1,2,15,Thursday
2024-02-16,20240216,2024,1,2,16,Friday
2024-02-17,20240217,2024,1,2,17,Saturday
2024-02-18,20240218,2024,1,2,18,Sunday
2024-02-19,20240219,2024,1,2,19,Monday
2024-02-20,20240220,2024,1,2,20,Tuesday
2024-02-21,20240221,2024,1,2,21,Wednesday
2024-02-22,20240222,2024,1,2,22,Thursday
2024-02-23,20240223,2024,1,2,23,Friday
2024-02-24,20240224,2024,1,2,24,Saturday
2024-02-25,20240225,2024,1,2,25,Sunday
2024-02-26,20240226,2024,1,2,26,Monday
2024-02-27,20240227,2024,1,2,27,Tuesday
2024-02-28,20240228,2024,1,2,28,Wednesday
2024-02-29,20240229,2024,1,2,29,Thursday
2024-03-01,20240301,2024,1,3,1,Friday
2024-03-02,20240302,2024,1,3,2,Saturday
2024-03-03,20240303,2024,1,3,3,Sunday
2024-03-04,20240304,2024,1,3,4,Monday
2024-03-05,20240305,2024,1,3,5,Tuesday
2024-03-06,20240306,2024,1,3,6,Wednesday
2024-03-07,20240307,2024,1,3,7,Thursday
2024-03-08,20240308,2024,1,3,8,Friday
2024-03-09,20240309,2024,1,3,9,Saturday
2024-03-10,20240310,2024,1,3,10,Sunday
2024-03-11,20240311,2024,1,3,11,Monday
2024-03-12,20240312,2024,1,3,12,Tuesday
2024-03-13,20240313,2024,1,3,13,Wednesday
2024-03-14,20240314,2024,1,3,14,Thursday
2024-03-15,20240315,2024,1,3,15,Friday
2024-03-16,20240316,2024,1,3,16,Saturday
2024-03-17,20240317,2024,1,3,17,Sunday
2024-03-18,20240318,2024,1,3,18,Monday
2024-03-19,20240319,2024,1,3,19,Tuesday
2024-03-20,20240320,2024,1,3,20,Wednesday
2024-03-21,20240321,2024,1,3,21,Thursday
2024-03-22,20240322,2024,1,3,22,Friday
2024-03-23,20240323,2024,1,3,23,Saturday
2024-03-24,20240324,2024,1,3,24,Sunday
2024-03-25,20240325,2024,1,3,25,Monday
2024-03-26,20240326,2024,1,3,26,Tuesday
2024-03-27,20240327,2024,1,3,27,Wednesday
2024-03-28,20240328,2024,1,3,28,Thursday
2024-03-29,20240329,2024,1,3,29,Friday
2024-03-30,20240330,2024,1,3,30,Saturday
2024-03-31,20240331,2024,1,3,31,Sunday
2024-04-01,20240401,2024,2,4,1,Monday
2024-04-02,20240402,2024,2,4,2,Tuesday
2024-04-03,20240403,2024,2,4,3,Wednesday
2024-04-04,20240404,2024,2,4,4,Thursday
2024-04-05,20240405,2024,2,4,5,Friday
2024-04-06,20240406,2024,2,4,6,Saturday
2024-04-07,20240407,2024,2,4,7,Sunday
2024-04-08,20240408,2024,2,4,8,Monday
2024-04-09,20240409,2024,2,4,9,Tuesday
2024-04-10,20240410,2024,2,4,10,Wednesday
2024-04-11,20240411,2024,2,4,11,Thursday
2024-04-12,20240412,2024,2,4,12,Friday
2024-04-13,20240413,2024,2,4,13,Saturday
2024-04-14,20240414,2024,2,4,14,Sunday
2024-04-15,20240415,2024,2,4,15,Monday
2024-04-16,20240416,2024,2,4,16,Tuesday
2024-04-17,20240417,2024,2,4,17,Wednesday
2024-04-18,20240418,2024,2,4,18,Thursday
2024-04-19,20240419,2024,2,4,19,Friday
2024-04-20,20240420,2024,2,4,20,Saturday
2024-04-21,20240421,2024,2,4,21,Sunday
2024-04-22,20240422,2024,2,4,22,Monday
2024-04-23,20240423,2024,2,4,23,Tuesday
2024-04-24,20240424,2024,2,4,24,Wednesday
2024-04-25,20240425,2024,2,4,25,Thursday
2024-04-26,20240426,2024,2,4,26,Friday
2024-04-27,20240427,2024,2,4,27,Saturday
2024-04-28,20240428,2024,2,4,28,Sunday
2024-04-29,20240429,2024,2,4,29,Monday
2024-04-30,20240430,2024,2,4,30,Tuesday
2024-05-01,20240501,2024,2,5,1,Wednesday
2024-05-02,20240502,2024,2,5,2,Thursday
2024-05-03,20240503,2024,2,5,3,Friday
2024-05-04,20240504,2024,2,5,4,Saturday
2024-05-05,20240505,2024,2,5,5,Sunday
2024-05-06,20240506,2024,2,5,6,Monday
2024-05-07,20240507,2024,2,5,7,Tuesday
2024-05-08,20240508,2024,2,5,8,Wednesday
2024-05-09,20240509,2024,2,5,9,Thursday
2024-05-10,20240510,2024,2,5,10,Friday
2024-05-11,20240511,2024,2,5,11,Saturday
2024-05-12,20240512,2024,2,5,12,Sunday
2024-05-13,20240513,2024,2,5,13,Monday
2024-05-14,20240514,2024,2,5,14,Tuesday
2024-05-15,20240515,2024,2,5,15,Wednesday
2024-05-16,20240516,2024,2,5,16,Thursday
2024-05-17,20240517,2024,2,5,17,Friday
2024-05-18,20240518,2024,2,5,18,Saturday
2024-05-19,20240519,2024,2,5,19,Sunday
2024-05-20,20240520,2024,2,5,20,Monday
2024-05-21,20240521,2024,2,5,21,Tuesday
2024-05-22,20240522,2024,2,5,22,Wednesday
2024-05-23,20240523,2024,2,5,23,Thursday
2024-05-24,20240524,2024,2,5,24,Friday
2024-05-25,20240525,2024,2,5,25,Saturday
2024-05-26,20240526,2024,2,5,26,Sunday
2024-05-27,20240527,2024,2,5,27,Monday
2024-05-28,20240528,2024,2,5,28,Tuesday
2024-05-29,20240529,2024,2,5,29,Wednesday
2024-05-30,20240530,2024,2,5,30,Thursday
2024-05-31,20240531,2024,2,5,31,Friday
2024-06-01,20240601,2024,2,6,1,Saturday
2024-06-02,20240602,2024,2,6,2,Sunday
2024-06-03,20240603,2024,2,6,3,Monday
2024-06-04,20240604,2024,2,6,4,Tuesday
2024-06-05,20240605,2024,2,6,5,Wednesday
2024-06-06,20240606,2024,2,6,6,Thursday
2024-06-07,20240607,2024,2,6,7,Friday
2024-06-08,20240608,2024,2,6,8,Saturday
2024-06-09,20240609,2024,2,6,9,Sunday
2024-06-10,20240610,2024,2,6,10,Monday
2024-06-11,20240611,2024,2,6,11,Tuesday
2024-06-12,20240612,2024,2,6,12,Wednesday
2024-06-13,20240613,2024,2,6,13,Thursday
2024-06-14,20240614,2024,2,6,14,Friday
2024-06-15,20240615,2024,2,6,15,Saturday
2024-06-16,20240616,2024,2,6,16,Sunday
2024-06-17,20240617,2024,2,6,17,Monday
2024-06-18,20240618,2024,2,6,18,Tuesday
2024-06-19,20240619,2024,2,6,19,Wednesday
2024-06-20,20240620,2024,2,6,20,Thursday
2024-06-21,20240621,2024,2,6,21,Friday
2024-06-22,20240622,2024,2,6,22,Saturday
2024-06-23,20240623,2024,2,6,23,Sunday
2024-06-24,20240624,2024,2,6,24,Monday
2024-06-25,20240625,2024,2,6,25,Tuesday
2024-06-26,20240626,2024,2,6,26,Wednesday
2024-06-27,20240627,2024,2,6,27,Thursday
2024-06-28,20240628,2024,2,6,28,Friday
2024-06-29,20240629,2024,2,6,29,Saturday
2024-06-30,20240630,2024,2,6,30,Sunday
2024-07-01,20240701,2024,3,7,1,Monday
2024-07-02,20240702,2024,3,7,2,Tuesday
2024-07-03,20240703,2024,3,7,3,Wednesday
2024-07-04,20240704,2024,3,7,4,Thursday
2024-07-05,20240705,2024,3,7,5,Friday
2024-07-06,20240706,2024,3,7,6,Saturday
2024-07-07,20240707,2024,3,7,7,Sunday
2024-07-08,20240708,2024,3,7,8,Monday
2024-07-09,20240709,2024,3,7,9,Tuesday
2024-07-10,20240710,2024,3,7,10,Wednesday
2024-07-11,20240711,2024,3,7,11,Thursday
2024-07-12,20240712,2024,3,7,12,Friday
2024-07-13,20240713,2024,3,7,13,Saturday
2024-07-14,20240714,2024,3,7,14,Sunday
2024-07-15,20240715,2024,3,7,15,Monday
2024-07-16,20240716,2024,3,7,16,Tuesday
2024-07-17,20240717,2024,3,7,17,Wednesday
2024-07-18,20240718,2024,3,7,18,Thursday
2024-07-19,20240719,2024,3,7,19,Friday
2024-07-20,20240720,2024,3,7,20,Saturday
2024-07-21,20240721,2024,3,7,21,Sunday
2024-07-22,20240722,2024,3,7,22,Monday
2024-07-23,20240723,2024,3,7,23,Tuesday
2024-07-24,20240724,2024,3,7,24,Wednesday
2024-07-25,20240725,2024,3,7,25,Thursday
2024-07-26,20240726,2024,3,7,26,Friday
2024-07-27,20240727,2024,3,7,27,Saturday
2024-07-28,20240728,2024,3,7,28,Sunday
2024-07-29,20240729,2024,3,7,29,Monday
2024-07-30,20240730,2024,3,7,30,Tuesday
2024-07-31,20240731,2024,3,7,31,Wednesday
2024-08-01,20240801,2024,3,8,1,Thursday
2024-08-02,20240802,2024,3,8,2,Friday
2024-08-03,20240803,2024,3,8,3,Saturday
2024-08-04,20240804,2024,3,8,4,Sunday
2024-08-05,20240805,2024,3,8,5,Monday
2024-08-06,20240806,2024,3,8,6,Tuesday
2024-08-07,20240807,2024,3,8,7,Wednesday
2024-08-08,20240808,2024,3,8,8,Thursday
2024-08-09,20240809,2024,3,8,9,Friday
2024-08-10,20240810,2024,3,8,10,Saturday
2024-08-11,20240811,2024,3,8,11,Sunday
2024-08-12,20240812,2024,3,8,12,Monday
2024-08-13,20240813,2024,3,8,13,Tuesday
2024-08-14,20240814,2024,3,8,14,Wednesday
2024-08-15,20240815,2024,3,8,15,Thursday
2024-08-16,20240816,2024,3,8,16,Friday
2024-08-17,20240817,2024,3,8,17,Saturday
2024-08-18,20240818,2024,3,8,18,Sunday
2024-08-19,20240819,2024,3,8,19,Monday
2024-08-20,20240820,2024,3,8,20,Tuesday
2024-08-21,20240821,2024,3,8,21,Wednesday
2024-08-22,20240822,2024,3,8,22,Thursday
2024-08-23,20240823,2024,3,8,23,Friday
2024-08-24,20240824,2024,3,8,24,Saturday
2024-08-25,20240825,2024,3,8,25,Sunday
2024-08-26,20240826,2024,3,8,26,Monday
2024-08-27,20240827,2024,3,8,27,Tuesday
2024-08-28,20240828,2024,3,8,28,Wednesday
2024-08-29,20240829,2024,3,8,29,Thursday
2024-08-30,20240830,2024,3,8,30,Friday
2024-08-31,20240831,2024,3,8,31,Saturday
2024-09-01,20240901,2024,3,9,1,Sunday
2024-09-02,20240902,2024,3,9,2,Monday
2024-09-03,20240903,2024,3,9,3,Tuesday
2024-09-04,20240904,2024,3,9,4,Wednesday
2024-09-05,20240905,2024,3,9,5,Thursday
2024-09-06,20240906,2024,3,9,6,Friday
2024-09-07,20240907,2024,3,9,7,Saturday
2024-09-08,20240908,2024,3,9,8,Sunday
2024-09-09,20240909,2024,3,9,9,Monday
2024-09-10,20240910,2024,3,9,10,Tuesday
2024-09-11,20240911,2024,3,9,11,Wednesday
2024-09-12,20240912,2024,3,9,12,Thursday
2024-09-13,20240913,2024,3,9,13,Friday
2024-09-14,20240914,2024,3,9,14,Saturday
2024-09-15,20240915,2024,3,9,15,Sunday
2024-09-16,20240916,2024,3,9,16,Monday
2024-09-17,20240917,2024,3,9,17,Tuesday
2024-09-18,20240918,2024,3,9,18,Wednesday
2024-09-19,20240919,2024,3,9,19,Thursday
2024-09-20,20240920,2024,3,9,20,Friday
2024-09-21,20240921,2024,3,9,21,Saturday
2024-09-22,20240922,2024,3,9,22,Sunday
2024-09-23,20240923,2024,3,9,23,Monday
2024-09-24,20240924,2024,3,9,24,Tuesday
2024-09-25,20240925,2024,3,9,25,Wednesday
2024-09-26,20240926,2024,3,9,26,Thursday
2024-09-27,20240927,2024,3,9,27,Friday
2024-09-28,20240928,2024,3,9,28,Saturday
2024-09-29,20240929,2024,3,9,29,Sunday
2024-09-30,20240930,2024,3,9,30,Monday
2024-10-01,20241001,2024,4,10,1,Tuesday
2024-10-02,20241002,2024,4,10,2,Wednesday
2024-10-03,20241003,2024,4,10,3,Thursday
2024-10-04,20241004,2024,4,10,4,Friday
2024-10-05,20241005,2024,4,10,5,Saturday
2024-10-06,20241006,2024,4,10,6,Sunday
2024-10-07,20241007,2024,4,10,7,Monday
2024-10-08,20241008,2024,4,10,8,Tuesday
2024-10-09,20241009,2024,4,10,9,Wednesday
2024-10-10,20241010,2024,4,10,10,Thursday
2024-10-11,20241011,2024,4,10,11,Friday
2024-10-12,20241012,2024,4,10,12,Saturday
2024-10-13,20241013,2024,4,10,13,Sunday
2024-10-14,20241014,2024,4,10,14,Monday
2024-10-15,20241015,2024,4,10,15,Tuesday
2024-10-16,20241016,2024,4,10,16,Wednesday
2024-10-17,20241017,2024,4,10,17,Thursday
2024-10-18,20241018,2024,4,10,18,Friday
2024-10-19,20241019,2024,4,10,19,Saturday
2024-10-20,20241020,2024,4,10,20,Sunday
2024-10-21,20241021,2024,4,10,21,Monday
2024-10-22,20241022,2024,4,10,22,Tuesday
2024-10-23,20241023,2024,4,10,23,Wednesday
2024-10-24,20241024,2024,4,10,24,Thursday
2024-10-25,20241025,2024,4,10,25,Friday
2024-10-26,20241026,2024,4,10,26,Saturday
2024-10-27,20241027,2024,4,10,27,Sunday
2024-10-28,20241028,2024,4,10,28,Monday
2024-10-29,20241029,2024,4,10,29,Tuesday
2024-10-30,20241030,2024,4,10,30,Wednesday
2024-10-31,20241031,2024,4,10,31,Thursday
2024-11-01,20241101,2024,4,11,1,Friday
2024-11-02,20241102,2024,4,11,2,Saturday
2024-11-03,20241103,2024,4,11,3,Sunday
2024-11-04,20241104,2024,4,11,4,Monday
2024-11-05,20241105,2024,4,11,5,Tuesday
2024-11-06,20241106,2024,4,11,6,Wednesday
2024-11-07,20241107,2024,4,11,7,Thursday
2024-11-08,20241108,2024,4,11,8,Friday
2024-11-09,20241109,2024,4,11,9,Saturday
2024-11-10,20241110,2024,4,11,10,Sunday
2024-11-11,20241111,2024,4,11,11,Monday
2024-11-12,20241112,2024,4,11,12,Tuesday
2024-11-13,20241113,2024,4,11,13,Wednesday
2024-11-14,20241114,2024,4,11,14,Thursday
2024-11-15,20241115,2024,4,11,15,Friday
2024-11-16,20241116,2024,4,11,16,Saturday
2024-11-17,20241117,2024,4,11,17,Sunday
2024-11-18,20241118,2024,4,11,18,Monday
2024-11-19,20241119,2024,4,11,19,Tuesday
2024-11-20,20241120,2024,4,11,20,Wednesday
2024-11-21,20241121,2024,4,11,21,Thursday
2024-11-22,20241122,2024,4,11,22,Friday
2024-11-23,20241123,2024,4,11,23,Saturday
2024-11-24,20241124,2024,4,11,24,Sunday
2024-11-25,20241125,2024,4,11,25,Monday
2024-11-26,20241126,2024,4,11,26,Tuesday
2024-11-27,20241127,2024,4,11,27,Wednesday
2024-11-28,20241128,2024,4,11,28,Thursday
2024-11-29,20241129,2024,4,11,29,Friday
2024-11-30,20241130,2024,4,11,30,Saturday
2024-12-01,20241201,2024,4,12,1,Sunday
2024-12-02,20241202,2024,4,12,2,Monday
2024-12-03,20241203,2024,4,12,3,Tuesday
2024-12-04,20241204,2024,4,12,4,Wednesday
2024-12-05,20241205,2024,4,12,5,Thursday
2024-12-06,20241206,2024,4,12,6,Friday
2024-12-07,20241207,2024,4,12,7,Saturday
2024-12-08,20241208,2024,4,12,8,Sunday
2024-12-09,20241209,2024,4,12,9,Monday
2024-12-10,20241210,2024,4,12,10,Tuesday
2024-12-11,20241211,2024,4,12,11,Wednesday
2024-12-12,20241212,2024,4,12,12,Thursday
2024-12-13,20241213,2024,4,12,13,Friday
2024-12-14,20241214,2024,4,12,14,Saturday
2024-12-15,20241215,2024,4,12,15,Sunday
2024-12-16,20241216,2024,4,12,16,Monday
2024-12-17,20241217,2024,4,12,17,Tuesday
2024-12-18,20241218,2024,4,12,18,Wednesday
2024-12-19,20241219,2024,4,12,19,Thursday
2024-12-20,20241220,2024,4,12,20,Friday
2024-12-21,20241221,2024,4,12,21,Saturday
2024-12-22,20241222,2024,4,12,22,Sunday
2024-12-23,20241223,2024,4,12,23,Monday
2024-12-24,20241224,2024,4,12,24,Tuesday
2024-12-25,20241225,2024,4,12,25,Wednesday
2024-12-26,20241226,2024,4,12,26,Thursday
2024-12-27,20241227,2024,4,12,27,Friday
2024-12-28,20241228,2024,4,12,28,Saturday
2024-12-29,20241229,2024,4,12,29,Sunday
2024-12-30,20241230,2024,4,12,30,Monday
2024-12-31,20241231,2024,4,12,31,Tuesday
